section	subsection	path
api-documentation	api-documentation.md	api-documentation/api-documentation.md
api-documentation	class	api-documentation/class/animations-animation.md
api-documentation	class	api-documentation/class/animations-animationframe.md
api-documentation	class	api-documentation/class/animations-animationmanager.md
api-documentation	class	api-documentation/class/animations-animationstate.md
api-documentation	class	api-documentation/class/cache-basecache.md
api-documentation	class	api-documentation/class/cache-cachemanager.md
api-documentation	class	api-documentation/class/cameras-controls-fixedkeycontrol.md
api-documentation	class	api-documentation/class/cameras-controls-smoothedkeycontrol.md
api-documentation	class	api-documentation/class/cameras-scene2d-basecamera.md
api-documentation	class	api-documentation/class/cameras-scene2d-camera.md
api-documentation	class	api-documentation/class/cameras-scene2d-cameramanager.md
api-documentation	class	api-documentation/class/cameras-scene2d-effects-fade.md
api-documentation	class	api-documentation/class/cameras-scene2d-effects-flash.md
api-documentation	class	api-documentation/class/cameras-scene2d-effects-pan.md
api-documentation	class	api-documentation/class/cameras-scene2d-effects-rotateto.md
api-documentation	class	api-documentation/class/cameras-scene2d-effects-shake.md
api-documentation	class	api-documentation/class/cameras-scene2d-effects-zoom.md
api-documentation	class	api-documentation/class/class.md
api-documentation	class	api-documentation/class/core-config.md
api-documentation	class	api-documentation/class/core-timestep.md
api-documentation	class	api-documentation/class/curves-cubicbezier.md
api-documentation	class	api-documentation/class/curves-curve.md
api-documentation	class	api-documentation/class/curves-ellipse.md
api-documentation	class	api-documentation/class/curves-line.md
api-documentation	class	api-documentation/class/curves-moveto.md
api-documentation	class	api-documentation/class/curves-path.md
api-documentation	class	api-documentation/class/curves-quadraticbezier.md
api-documentation	class	api-documentation/class/curves-spline.md
api-documentation	class	api-documentation/class/data-datamanager.md
api-documentation	class	api-documentation/class/data-datamanagerplugin.md
api-documentation	class	api-documentation/class/display-baseshader.md
api-documentation	class	api-documentation/class/display-color.md
api-documentation	class	api-documentation/class/display-colormatrix.md
api-documentation	class	api-documentation/class/display-masks-bitmapmask.md
api-documentation	class	api-documentation/class/display-masks-geometrymask.md
api-documentation	class	api-documentation/class/display-rgb.md
api-documentation	class	api-documentation/class/dom-requestanimationframe.md
api-documentation	class	api-documentation/class/events-eventemitter.md
api-documentation	class	api-documentation/class/fx-barrel.md
api-documentation	class	api-documentation/class/fx-bloom.md
api-documentation	class	api-documentation/class/fx-blur.md
api-documentation	class	api-documentation/class/fx-bokeh.md
api-documentation	class	api-documentation/class/fx-circle.md
api-documentation	class	api-documentation/class/fx-colormatrix.md
api-documentation	class	api-documentation/class/fx-controller.md
api-documentation	class	api-documentation/class/fx-displacement.md
api-documentation	class	api-documentation/class/fx-glow.md
api-documentation	class	api-documentation/class/fx-gradient.md
api-documentation	class	api-documentation/class/fx-pixelate.md
api-documentation	class	api-documentation/class/fx-shadow.md
api-documentation	class	api-documentation/class/fx-shine.md
api-documentation	class	api-documentation/class/fx-vignette.md
api-documentation	class	api-documentation/class/fx-wipe.md
api-documentation	class	api-documentation/class/game.md
api-documentation	class	api-documentation/class/gameobjects-arc.md
api-documentation	class	api-documentation/class/gameobjects-bitmaptext.md
api-documentation	class	api-documentation/class/gameobjects-blitter.md
api-documentation	class	api-documentation/class/gameobjects-bob.md
api-documentation	class	api-documentation/class/gameobjects-components-fx.md
api-documentation	class	api-documentation/class/gameobjects-components-transformmatrix.md
api-documentation	class	api-documentation/class/gameobjects-container.md
api-documentation	class	api-documentation/class/gameobjects-curve.md
api-documentation	class	api-documentation/class/gameobjects-displaylist.md
api-documentation	class	api-documentation/class/gameobjects-domelement.md
api-documentation	class	api-documentation/class/gameobjects-dynamicbitmaptext.md
api-documentation	class	api-documentation/class/gameobjects-ellipse.md
api-documentation	class	api-documentation/class/gameobjects-extern.md
api-documentation	class	api-documentation/class/gameobjects-gameobject.md
api-documentation	class	api-documentation/class/gameobjects-gameobjectcreator.md
api-documentation	class	api-documentation/class/gameobjects-gameobjectfactory.md
api-documentation	class	api-documentation/class/gameobjects-graphics.md
api-documentation	class	api-documentation/class/gameobjects-grid.md
api-documentation	class	api-documentation/class/gameobjects-group.md
api-documentation	class	api-documentation/class/gameobjects-image.md
api-documentation	class	api-documentation/class/gameobjects-isobox.md
api-documentation	class	api-documentation/class/gameobjects-isotriangle.md
api-documentation	class	api-documentation/class/gameobjects-layer.md
api-documentation	class	api-documentation/class/gameobjects-light.md
api-documentation	class	api-documentation/class/gameobjects-lightsmanager.md
api-documentation	class	api-documentation/class/gameobjects-lightsplugin.md
api-documentation	class	api-documentation/class/gameobjects-line.md
api-documentation	class	api-documentation/class/gameobjects-mesh.md
api-documentation	class	api-documentation/class/gameobjects-nineslice.md
api-documentation	class	api-documentation/class/gameobjects-particles-emittercolorop.md
api-documentation	class	api-documentation/class/gameobjects-particles-emitterop.md
api-documentation	class	api-documentation/class/gameobjects-particles-gravitywell.md
api-documentation	class	api-documentation/class/gameobjects-particles-particle.md
api-documentation	class	api-documentation/class/gameobjects-particles-particlebounds.md
api-documentation	class	api-documentation/class/gameobjects-particles-particleemitter.md
api-documentation	class	api-documentation/class/gameobjects-particles-particleprocessor.md
api-documentation	class	api-documentation/class/gameobjects-particles-zones-deathzone.md
api-documentation	class	api-documentation/class/gameobjects-particles-zones-edgezone.md
api-documentation	class	api-documentation/class/gameobjects-particles-zones-randomzone.md
api-documentation	class	api-documentation/class/gameobjects-pathfollower.md
api-documentation	class	api-documentation/class/gameobjects-plane.md
api-documentation	class	api-documentation/class/gameobjects-pointlight.md
api-documentation	class	api-documentation/class/gameobjects-polygon.md
api-documentation	class	api-documentation/class/gameobjects-rectangle.md
api-documentation	class	api-documentation/class/gameobjects-rendertexture.md
api-documentation	class	api-documentation/class/gameobjects-rope.md
api-documentation	class	api-documentation/class/gameobjects-shader.md
api-documentation	class	api-documentation/class/gameobjects-shape.md
api-documentation	class	api-documentation/class/gameobjects-sprite.md
api-documentation	class	api-documentation/class/gameobjects-star.md
api-documentation	class	api-documentation/class/gameobjects-text.md
api-documentation	class	api-documentation/class/gameobjects-textstyle.md
api-documentation	class	api-documentation/class/gameobjects-tilesprite.md
api-documentation	class	api-documentation/class/gameobjects-triangle.md
api-documentation	class	api-documentation/class/gameobjects-updatelist.md
api-documentation	class	api-documentation/class/gameobjects-video.md
api-documentation	class	api-documentation/class/gameobjects-zone.md
api-documentation	class	api-documentation/class/geom-circle.md
api-documentation	class	api-documentation/class/geom-ellipse.md
api-documentation	class	api-documentation/class/geom-line.md
api-documentation	class	api-documentation/class/geom-mesh-face.md
api-documentation	class	api-documentation/class/geom-mesh-vertex.md
api-documentation	class	api-documentation/class/geom-point.md
api-documentation	class	api-documentation/class/geom-polygon.md
api-documentation	class	api-documentation/class/geom-rectangle.md
api-documentation	class	api-documentation/class/geom-triangle.md
api-documentation	class	api-documentation/class/index.md
api-documentation	class	api-documentation/class/input-gamepad-axis.md
api-documentation	class	api-documentation/class/input-gamepad-button.md
api-documentation	class	api-documentation/class/input-gamepad-gamepad.md
api-documentation	class	api-documentation/class/input-gamepad-gamepadplugin.md
api-documentation	class	api-documentation/class/input-inputmanager.md
api-documentation	class	api-documentation/class/input-inputplugin.md
api-documentation	class	api-documentation/class/input-keyboard-key.md
api-documentation	class	api-documentation/class/input-keyboard-keyboardmanager.md
api-documentation	class	api-documentation/class/input-keyboard-keyboardplugin.md
api-documentation	class	api-documentation/class/input-keyboard-keycombo.md
api-documentation	class	api-documentation/class/input-mouse-mousemanager.md
api-documentation	class	api-documentation/class/input-pointer.md
api-documentation	class	api-documentation/class/input-touch-touchmanager.md
api-documentation	class	api-documentation/class/loader-file.md
api-documentation	class	api-documentation/class/loader-filetypes-animationjsonfile.md
api-documentation	class	api-documentation/class/loader-filetypes-asepritefile.md
api-documentation	class	api-documentation/class/loader-filetypes-atlasjsonfile.md
api-documentation	class	api-documentation/class/loader-filetypes-atlasxmlfile.md
api-documentation	class	api-documentation/class/loader-filetypes-audiofile.md
api-documentation	class	api-documentation/class/loader-filetypes-audiospritefile.md
api-documentation	class	api-documentation/class/loader-filetypes-binaryfile.md
api-documentation	class	api-documentation/class/loader-filetypes-bitmapfontfile.md
api-documentation	class	api-documentation/class/loader-filetypes-compressedtexturefile.md
api-documentation	class	api-documentation/class/loader-filetypes-cssfile.md
api-documentation	class	api-documentation/class/loader-filetypes-fontfile.md
api-documentation	class	api-documentation/class/loader-filetypes-glslfile.md
api-documentation	class	api-documentation/class/loader-filetypes-html5audiofile.md
api-documentation	class	api-documentation/class/loader-filetypes-htmlfile.md
api-documentation	class	api-documentation/class/loader-filetypes-htmltexturefile.md
api-documentation	class	api-documentation/class/loader-filetypes-imagefile.md
api-documentation	class	api-documentation/class/loader-filetypes-jsonfile.md
api-documentation	class	api-documentation/class/loader-filetypes-multiatlasfile.md
api-documentation	class	api-documentation/class/loader-filetypes-multiscriptfile.md
api-documentation	class	api-documentation/class/loader-filetypes-objfile.md
api-documentation	class	api-documentation/class/loader-filetypes-packfile.md
api-documentation	class	api-documentation/class/loader-filetypes-pluginfile.md
api-documentation	class	api-documentation/class/loader-filetypes-scenefile.md
api-documentation	class	api-documentation/class/loader-filetypes-scenepluginfile.md
api-documentation	class	api-documentation/class/loader-filetypes-scriptfile.md
api-documentation	class	api-documentation/class/loader-filetypes-spritesheetfile.md
api-documentation	class	api-documentation/class/loader-filetypes-svgfile.md
api-documentation	class	api-documentation/class/loader-filetypes-textfile.md
api-documentation	class	api-documentation/class/loader-filetypes-tilemapcsvfile.md
api-documentation	class	api-documentation/class/loader-filetypes-tilemapimpactfile.md
api-documentation	class	api-documentation/class/loader-filetypes-tilemapjsonfile.md
api-documentation	class	api-documentation/class/loader-filetypes-unityatlasfile.md
api-documentation	class	api-documentation/class/loader-filetypes-videofile.md
api-documentation	class	api-documentation/class/loader-filetypes-xmlfile.md
api-documentation	class	api-documentation/class/loader-loaderplugin.md
api-documentation	class	api-documentation/class/loader-multifile.md
api-documentation	class	api-documentation/class/math-euler.md
api-documentation	class	api-documentation/class/math-matrix3.md
api-documentation	class	api-documentation/class/math-matrix4.md
api-documentation	class	api-documentation/class/math-quaternion.md
api-documentation	class	api-documentation/class/math-randomdatagenerator.md
api-documentation	class	api-documentation/class/math-vector2.md
api-documentation	class	api-documentation/class/math-vector3.md
api-documentation	class	api-documentation/class/math-vector4.md
api-documentation	class	api-documentation/class/physics-arcade-arcadephysics.md
api-documentation	class	api-documentation/class/physics-arcade-body.md
api-documentation	class	api-documentation/class/physics-arcade-collider.md
api-documentation	class	api-documentation/class/physics-arcade-factory.md
api-documentation	class	api-documentation/class/physics-arcade-group.md
api-documentation	class	api-documentation/class/physics-arcade-image.md
api-documentation	class	api-documentation/class/physics-arcade-sprite.md
api-documentation	class	api-documentation/class/physics-arcade-staticbody.md
api-documentation	class	api-documentation/class/physics-arcade-staticgroup.md
api-documentation	class	api-documentation/class/physics-arcade-world.md
api-documentation	class	api-documentation/class/physics-matter-bodybounds.md
api-documentation	class	api-documentation/class/physics-matter-factory.md
api-documentation	class	api-documentation/class/physics-matter-image.md
api-documentation	class	api-documentation/class/physics-matter-matterphysics.md
api-documentation	class	api-documentation/class/physics-matter-pointerconstraint.md
api-documentation	class	api-documentation/class/physics-matter-sprite.md
api-documentation	class	api-documentation/class/physics-matter-tilebody.md
api-documentation	class	api-documentation/class/physics-matter-world.md
api-documentation	class	api-documentation/class/plugins-baseplugin.md
api-documentation	class	api-documentation/class/plugins-pluginmanager.md
api-documentation	class	api-documentation/class/plugins-sceneplugin.md
api-documentation	class	api-documentation/class/renderer-canvas-canvasrenderer.md
api-documentation	class	api-documentation/class/renderer-webgl-pipelinemanager.md
api-documentation	class	api-documentation/class/renderer-webgl-pipelines-bitmapmaskpipeline.md
api-documentation	class	api-documentation/class/renderer-webgl-pipelines-fx-barrelfxpipeline.md
api-documentation	class	api-documentation/class/renderer-webgl-pipelines-fx-bloomfxpipeline.md
api-documentation	class	api-documentation/class/renderer-webgl-pipelines-fx-blurfxpipeline.md
api-documentation	class	api-documentation/class/renderer-webgl-pipelines-fx-bokehfxpipeline.md
api-documentation	class	api-documentation/class/renderer-webgl-pipelines-fx-circlefxpipeline.md
api-documentation	class	api-documentation/class/renderer-webgl-pipelines-fx-colormatrixfxpipeline.md
api-documentation	class	api-documentation/class/renderer-webgl-pipelines-fx-displacementfxpipeline.md
api-documentation	class	api-documentation/class/renderer-webgl-pipelines-fx-glowfxpipeline.md
api-documentation	class	api-documentation/class/renderer-webgl-pipelines-fx-gradientfxpipeline.md
api-documentation	class	api-documentation/class/renderer-webgl-pipelines-fx-pixelatefxpipeline.md
api-documentation	class	api-documentation/class/renderer-webgl-pipelines-fx-shadowfxpipeline.md
api-documentation	class	api-documentation/class/renderer-webgl-pipelines-fx-shinefxpipeline.md
api-documentation	class	api-documentation/class/renderer-webgl-pipelines-fx-vignettefxpipeline.md
api-documentation	class	api-documentation/class/renderer-webgl-pipelines-fx-wipefxpipeline.md
api-documentation	class	api-documentation/class/renderer-webgl-pipelines-fxpipeline.md
api-documentation	class	api-documentation/class/renderer-webgl-pipelines-lightpipeline.md
api-documentation	class	api-documentation/class/renderer-webgl-pipelines-mobilepipeline.md
api-documentation	class	api-documentation/class/renderer-webgl-pipelines-multipipeline.md
api-documentation	class	api-documentation/class/renderer-webgl-pipelines-pointlightpipeline.md
api-documentation	class	api-documentation/class/renderer-webgl-pipelines-postfxpipeline.md
api-documentation	class	api-documentation/class/renderer-webgl-pipelines-prefxpipeline.md
api-documentation	class	api-documentation/class/renderer-webgl-pipelines-ropepipeline.md
api-documentation	class	api-documentation/class/renderer-webgl-pipelines-singlepipeline.md
api-documentation	class	api-documentation/class/renderer-webgl-pipelines-utilitypipeline.md
api-documentation	class	api-documentation/class/renderer-webgl-rendertarget.md
api-documentation	class	api-documentation/class/renderer-webgl-webglpipeline.md
api-documentation	class	api-documentation/class/renderer-webgl-webglrenderer.md
api-documentation	class	api-documentation/class/renderer-webgl-webglshader.md
api-documentation	class	api-documentation/class/renderer-webgl-wrappers-webglattriblocationwrapper.md
api-documentation	class	api-documentation/class/renderer-webgl-wrappers-webglbufferwrapper.md
api-documentation	class	api-documentation/class/renderer-webgl-wrappers-webglframebufferwrapper.md
api-documentation	class	api-documentation/class/renderer-webgl-wrappers-webglprogramwrapper.md
api-documentation	class	api-documentation/class/renderer-webgl-wrappers-webgltexturewrapper.md
api-documentation	class	api-documentation/class/renderer-webgl-wrappers-webgluniformlocationwrapper.md
api-documentation	class	api-documentation/class/scale-scalemanager.md
api-documentation	class	api-documentation/class/scene.md
api-documentation	class	api-documentation/class/scenes-scenemanager.md
api-documentation	class	api-documentation/class/scenes-sceneplugin.md
api-documentation	class	api-documentation/class/scenes-systems.md
api-documentation	class	api-documentation/class/sound-basesound.md
api-documentation	class	api-documentation/class/sound-basesoundmanager.md
api-documentation	class	api-documentation/class/sound-html5audiosound.md
api-documentation	class	api-documentation/class/sound-html5audiosoundmanager.md
api-documentation	class	api-documentation/class/sound-noaudiosound.md
api-documentation	class	api-documentation/class/sound-noaudiosoundmanager.md
api-documentation	class	api-documentation/class/sound-webaudiosound.md
api-documentation	class	api-documentation/class/sound-webaudiosoundmanager.md
api-documentation	class	api-documentation/class/structs-list.md
api-documentation	class	api-documentation/class/structs-map.md
api-documentation	class	api-documentation/class/structs-processqueue.md
api-documentation	class	api-documentation/class/structs-rtree.md
api-documentation	class	api-documentation/class/structs-set.md
api-documentation	class	api-documentation/class/structs-size.md
api-documentation	class	api-documentation/class/textures-canvastexture.md
api-documentation	class	api-documentation/class/textures-dynamictexture.md
api-documentation	class	api-documentation/class/textures-frame.md
api-documentation	class	api-documentation/class/textures-texture.md
api-documentation	class	api-documentation/class/textures-texturemanager.md
api-documentation	class	api-documentation/class/textures-texturesource.md
api-documentation	class	api-documentation/class/tilemaps-imagecollection.md
api-documentation	class	api-documentation/class/tilemaps-layerdata.md
api-documentation	class	api-documentation/class/tilemaps-mapdata.md
api-documentation	class	api-documentation/class/tilemaps-objecthelper.md
api-documentation	class	api-documentation/class/tilemaps-objectlayer.md
api-documentation	class	api-documentation/class/tilemaps-tile.md
api-documentation	class	api-documentation/class/tilemaps-tilemap.md
api-documentation	class	api-documentation/class/tilemaps-tilemaplayer.md
api-documentation	class	api-documentation/class/tilemaps-tileset.md
api-documentation	class	api-documentation/class/time-clock.md
api-documentation	class	api-documentation/class/time-timeline.md
api-documentation	class	api-documentation/class/time-timerevent.md
api-documentation	class	api-documentation/class/tweens-basetween.md
api-documentation	class	api-documentation/class/tweens-basetweendata.md
api-documentation	class	api-documentation/class/tweens-tween.md
api-documentation	class	api-documentation/class/tweens-tweenchain.md
api-documentation	class	api-documentation/class/tweens-tweendata.md
api-documentation	class	api-documentation/class/tweens-tweenframedata.md
api-documentation	class	api-documentation/class/tweens-tweenmanager.md
api-documentation	constant	api-documentation/constant/blendmodes.md
api-documentation	constant	api-documentation/constant/core.md
api-documentation	constant	api-documentation/constant/display.md
api-documentation	constant	api-documentation/constant/fx.md
api-documentation	constant	api-documentation/constant/gameobjects.md
api-documentation	constant	api-documentation/constant/index.md
api-documentation	constant	api-documentation/constant/input.md
api-documentation	constant	api-documentation/constant/math.md
api-documentation	constant	api-documentation/constant/phaser.md
api-documentation	constant	api-documentation/constant/renderer.md
api-documentation	constant	api-documentation/constant/scale.md
api-documentation	constant	api-documentation/constant/structs.md
api-documentation	constant	api-documentation/constant/textures.md
api-documentation	constant	api-documentation/constant/tilemaps.md
api-documentation	constant	api-documentation/constant/tweens.md
api-documentation	event	api-documentation/event/animations-events.md
api-documentation	event	api-documentation/event/cache-events.md
api-documentation	event	api-documentation/event/cameras-scene2d-events.md
api-documentation	event	api-documentation/event/core-events.md
api-documentation	event	api-documentation/event/data-events.md
api-documentation	event	api-documentation/event/gameobjects-events.md
api-documentation	event	api-documentation/event/gameobjects-particles-events.md
api-documentation	event	api-documentation/event/index.md
api-documentation	event	api-documentation/event/input-events.md
api-documentation	event	api-documentation/event/input-gamepad-events.md
api-documentation	event	api-documentation/event/input-keyboard-events.md
api-documentation	event	api-documentation/event/loader-events.md
api-documentation	event	api-documentation/event/physics-arcade-events.md
api-documentation	event	api-documentation/event/physics-matter-events.md
api-documentation	event	api-documentation/event/renderer-events.md
api-documentation	event	api-documentation/event/renderer-webgl-pipelines-events.md
api-documentation	event	api-documentation/event/scale-events.md
api-documentation	event	api-documentation/event/scenes-events.md
api-documentation	event	api-documentation/event/sound-events.md
api-documentation	event	api-documentation/event/structs-events.md
api-documentation	event	api-documentation/event/textures-events.md
api-documentation	event	api-documentation/event/time-events.md
api-documentation	event	api-documentation/event/tweens-events.md
api-documentation	function	api-documentation/function/actions.md
api-documentation	function	api-documentation/function/core.md
api-documentation	function	api-documentation/function/create.md
api-documentation	function	api-documentation/function/curves.md
api-documentation	function	api-documentation/function/display.md
api-documentation	function	api-documentation/function/dom.md
api-documentation	function	api-documentation/function/gameobjects.md
api-documentation	function	api-documentation/function/geom.md
api-documentation	function	api-documentation/function/index.md
api-documentation	function	api-documentation/function/input.md
api-documentation	function	api-documentation/function/loader.md
api-documentation	function	api-documentation/function/math.md
api-documentation	function	api-documentation/function/physics.md
api-documentation	function	api-documentation/function/plugins.md
api-documentation	function	api-documentation/function/renderer.md
api-documentation	function	api-documentation/function/scenes.md
api-documentation	function	api-documentation/function/sound.md
api-documentation	function	api-documentation/function/textures.md
api-documentation	function	api-documentation/function/tilemaps.md
api-documentation	function	api-documentation/function/tweens.md
api-documentation	function	api-documentation/function/utils.md
api-documentation	gameobjects	api-documentation/gameobjects/index.md
api-documentation	namespace	api-documentation/namespace/actions.md
api-documentation	namespace	api-documentation/namespace/animations-events.md
api-documentation	namespace	api-documentation/namespace/animations.md
api-documentation	namespace	api-documentation/namespace/blendmodes.md
api-documentation	namespace	api-documentation/namespace/cache-events.md
api-documentation	namespace	api-documentation/namespace/cache.md
api-documentation	namespace	api-documentation/namespace/cameras-controls.md
api-documentation	namespace	api-documentation/namespace/cameras-scene2d-effects.md
api-documentation	namespace	api-documentation/namespace/cameras-scene2d-events.md
api-documentation	namespace	api-documentation/namespace/cameras-scene2d.md
api-documentation	namespace	api-documentation/namespace/cameras.md
api-documentation	namespace	api-documentation/namespace/core-events.md
api-documentation	namespace	api-documentation/namespace/core.md
api-documentation	namespace	api-documentation/namespace/create-palettes.md
api-documentation	namespace	api-documentation/namespace/create.md
api-documentation	namespace	api-documentation/namespace/curves.md
api-documentation	namespace	api-documentation/namespace/data-events.md
api-documentation	namespace	api-documentation/namespace/data.md
api-documentation	namespace	api-documentation/namespace/device.md
api-documentation	namespace	api-documentation/namespace/display-align-in.md
api-documentation	namespace	api-documentation/namespace/display-align-to.md
api-documentation	namespace	api-documentation/namespace/display-align.md
api-documentation	namespace	api-documentation/namespace/display-bounds.md
api-documentation	namespace	api-documentation/namespace/display-canvas-canvasinterpolation.md
api-documentation	namespace	api-documentation/namespace/display-canvas-canvaspool.md
api-documentation	namespace	api-documentation/namespace/display-canvas-smoothing.md
api-documentation	namespace	api-documentation/namespace/display-canvas.md
api-documentation	namespace	api-documentation/namespace/display-color-interpolate.md
api-documentation	namespace	api-documentation/namespace/display-color.md
api-documentation	namespace	api-documentation/namespace/display-masks.md
api-documentation	namespace	api-documentation/namespace/display.md
api-documentation	namespace	api-documentation/namespace/dom.md
api-documentation	namespace	api-documentation/namespace/events.md
api-documentation	namespace	api-documentation/namespace/fx.md
api-documentation	namespace	api-documentation/namespace/gameobjects-components-alpha.md
api-documentation	namespace	api-documentation/namespace/gameobjects-components-alphasingle.md
api-documentation	namespace	api-documentation/namespace/gameobjects-components-blendmode.md
api-documentation	namespace	api-documentation/namespace/gameobjects-components-computedsize.md
api-documentation	namespace	api-documentation/namespace/gameobjects-components-crop.md
api-documentation	namespace	api-documentation/namespace/gameobjects-components-depth.md
api-documentation	namespace	api-documentation/namespace/gameobjects-components-flip.md
api-documentation	namespace	api-documentation/namespace/gameobjects-components-getbounds.md
api-documentation	namespace	api-documentation/namespace/gameobjects-components-mask.md
api-documentation	namespace	api-documentation/namespace/gameobjects-components-origin.md
api-documentation	namespace	api-documentation/namespace/gameobjects-components-pathfollower.md
api-documentation	namespace	api-documentation/namespace/gameobjects-components-pipeline.md
api-documentation	namespace	api-documentation/namespace/gameobjects-components-postpipeline.md
api-documentation	namespace	api-documentation/namespace/gameobjects-components-scrollfactor.md
api-documentation	namespace	api-documentation/namespace/gameobjects-components-size.md
api-documentation	namespace	api-documentation/namespace/gameobjects-components-texture.md
api-documentation	namespace	api-documentation/namespace/gameobjects-components-texturecrop.md
api-documentation	namespace	api-documentation/namespace/gameobjects-components-tint.md
api-documentation	namespace	api-documentation/namespace/gameobjects-components-transform.md
api-documentation	namespace	api-documentation/namespace/gameobjects-components-visible.md
api-documentation	namespace	api-documentation/namespace/gameobjects-components.md
api-documentation	namespace	api-documentation/namespace/gameobjects-events.md
api-documentation	namespace	api-documentation/namespace/gameobjects-particles-events.md
api-documentation	namespace	api-documentation/namespace/gameobjects-particles-zones.md
api-documentation	namespace	api-documentation/namespace/gameobjects-particles.md
api-documentation	namespace	api-documentation/namespace/gameobjects-retrofont.md
api-documentation	namespace	api-documentation/namespace/gameobjects.md
api-documentation	namespace	api-documentation/namespace/geom-intersects.md
api-documentation	namespace	api-documentation/namespace/geom-mesh.md
api-documentation	namespace	api-documentation/namespace/geom.md
api-documentation	namespace	api-documentation/namespace/index.md
api-documentation	namespace	api-documentation/namespace/input-events.md
api-documentation	namespace	api-documentation/namespace/input-gamepad-configs-dualshock_4.md
api-documentation	namespace	api-documentation/namespace/input-gamepad-configs-snes_usb.md
api-documentation	namespace	api-documentation/namespace/input-gamepad-configs-xbox_360.md
api-documentation	namespace	api-documentation/namespace/input-gamepad-configs.md
api-documentation	namespace	api-documentation/namespace/input-gamepad-events.md
api-documentation	namespace	api-documentation/namespace/input-gamepad.md
api-documentation	namespace	api-documentation/namespace/input-inputplugincache.md
api-documentation	namespace	api-documentation/namespace/input-keyboard-events.md
api-documentation	namespace	api-documentation/namespace/input-keyboard-keycodes.md
api-documentation	namespace	api-documentation/namespace/input-keyboard.md
api-documentation	namespace	api-documentation/namespace/input-mouse.md
api-documentation	namespace	api-documentation/namespace/input-touch.md
api-documentation	namespace	api-documentation/namespace/input.md
api-documentation	namespace	api-documentation/namespace/loader-events.md
api-documentation	namespace	api-documentation/namespace/loader-filetypes.md
api-documentation	namespace	api-documentation/namespace/loader-filetypesmanager.md
api-documentation	namespace	api-documentation/namespace/loader.md
api-documentation	namespace	api-documentation/namespace/math-angle.md
api-documentation	namespace	api-documentation/namespace/math-distance.md
api-documentation	namespace	api-documentation/namespace/math-easing-back.md
api-documentation	namespace	api-documentation/namespace/math-easing-bounce.md
api-documentation	namespace	api-documentation/namespace/math-easing-circular.md
api-documentation	namespace	api-documentation/namespace/math-easing-cubic.md
api-documentation	namespace	api-documentation/namespace/math-easing-elastic.md
api-documentation	namespace	api-documentation/namespace/math-easing-expo.md
api-documentation	namespace	api-documentation/namespace/math-easing-quadratic.md
api-documentation	namespace	api-documentation/namespace/math-easing-quartic.md
api-documentation	namespace	api-documentation/namespace/math-easing-quintic.md
api-documentation	namespace	api-documentation/namespace/math-easing-sine.md
api-documentation	namespace	api-documentation/namespace/math-easing-stepped.md
api-documentation	namespace	api-documentation/namespace/math-easing.md
api-documentation	namespace	api-documentation/namespace/math-fuzzy.md
api-documentation	namespace	api-documentation/namespace/math-interpolation.md
api-documentation	namespace	api-documentation/namespace/math-pow2.md
api-documentation	namespace	api-documentation/namespace/math-snap.md
api-documentation	namespace	api-documentation/namespace/math.md
api-documentation	namespace	api-documentation/namespace/phaser.md
api-documentation	namespace	api-documentation/namespace/physics-arcade-components-acceleration.md
api-documentation	namespace	api-documentation/namespace/physics-arcade-components-angular.md
api-documentation	namespace	api-documentation/namespace/physics-arcade-components-bounce.md
api-documentation	namespace	api-documentation/namespace/physics-arcade-components-collision.md
api-documentation	namespace	api-documentation/namespace/physics-arcade-components-debug.md
api-documentation	namespace	api-documentation/namespace/physics-arcade-components-drag.md
api-documentation	namespace	api-documentation/namespace/physics-arcade-components-enable.md
api-documentation	namespace	api-documentation/namespace/physics-arcade-components-friction.md
api-documentation	namespace	api-documentation/namespace/physics-arcade-components-gravity.md
api-documentation	namespace	api-documentation/namespace/physics-arcade-components-immovable.md
api-documentation	namespace	api-documentation/namespace/physics-arcade-components-mass.md
api-documentation	namespace	api-documentation/namespace/physics-arcade-components-pushable.md
api-documentation	namespace	api-documentation/namespace/physics-arcade-components-size.md
api-documentation	namespace	api-documentation/namespace/physics-arcade-components-velocity.md
api-documentation	namespace	api-documentation/namespace/physics-arcade-components.md
api-documentation	namespace	api-documentation/namespace/physics-arcade-events.md
api-documentation	namespace	api-documentation/namespace/physics-arcade-processx.md
api-documentation	namespace	api-documentation/namespace/physics-arcade-processy.md
api-documentation	namespace	api-documentation/namespace/physics-arcade-tilemap.md
api-documentation	namespace	api-documentation/namespace/physics-arcade.md
api-documentation	namespace	api-documentation/namespace/physics-matter-components-bounce.md
api-documentation	namespace	api-documentation/namespace/physics-matter-components-collision.md
api-documentation	namespace	api-documentation/namespace/physics-matter-components-force.md
api-documentation	namespace	api-documentation/namespace/physics-matter-components-friction.md
api-documentation	namespace	api-documentation/namespace/physics-matter-components-gravity.md
api-documentation	namespace	api-documentation/namespace/physics-matter-components-mass.md
api-documentation	namespace	api-documentation/namespace/physics-matter-components-sensor.md
api-documentation	namespace	api-documentation/namespace/physics-matter-components-setbody.md
api-documentation	namespace	api-documentation/namespace/physics-matter-components-sleep.md
api-documentation	namespace	api-documentation/namespace/physics-matter-components-static.md
api-documentation	namespace	api-documentation/namespace/physics-matter-components-transform.md
api-documentation	namespace	api-documentation/namespace/physics-matter-components-velocity.md
api-documentation	namespace	api-documentation/namespace/physics-matter-components.md
api-documentation	namespace	api-documentation/namespace/physics-matter-events.md
api-documentation	namespace	api-documentation/namespace/physics-matter-matter.md
api-documentation	namespace	api-documentation/namespace/physics-matter-physicseditorparser.md
api-documentation	namespace	api-documentation/namespace/physics-matter-physicsjsonparser.md
api-documentation	namespace	api-documentation/namespace/physics-matter.md
api-documentation	namespace	api-documentation/namespace/physics.md
api-documentation	namespace	api-documentation/namespace/plugins-defaultplugins.md
api-documentation	namespace	api-documentation/namespace/plugins-plugincache.md
api-documentation	namespace	api-documentation/namespace/plugins.md
api-documentation	namespace	api-documentation/namespace/renderer-canvas.md
api-documentation	namespace	api-documentation/namespace/renderer-events.md
api-documentation	namespace	api-documentation/namespace/renderer-snapshot.md
api-documentation	namespace	api-documentation/namespace/renderer-webgl-pipelines-events.md
api-documentation	namespace	api-documentation/namespace/renderer-webgl-pipelines-fx.md
api-documentation	namespace	api-documentation/namespace/renderer-webgl-pipelines.md
api-documentation	namespace	api-documentation/namespace/renderer-webgl-shaders.md
api-documentation	namespace	api-documentation/namespace/renderer-webgl-utils.md
api-documentation	namespace	api-documentation/namespace/renderer-webgl-wrappers.md
api-documentation	namespace	api-documentation/namespace/renderer-webgl.md
api-documentation	namespace	api-documentation/namespace/renderer.md
api-documentation	namespace	api-documentation/namespace/scale-center.md
api-documentation	namespace	api-documentation/namespace/scale-events.md
api-documentation	namespace	api-documentation/namespace/scale-orientation.md
api-documentation	namespace	api-documentation/namespace/scale-scalemodes.md
api-documentation	namespace	api-documentation/namespace/scale-zoom.md
api-documentation	namespace	api-documentation/namespace/scale.md
api-documentation	namespace	api-documentation/namespace/scalemodes.md
api-documentation	namespace	api-documentation/namespace/scenes-events.md
api-documentation	namespace	api-documentation/namespace/scenes-settings.md
api-documentation	namespace	api-documentation/namespace/scenes.md
api-documentation	namespace	api-documentation/namespace/sound-events.md
api-documentation	namespace	api-documentation/namespace/sound.md
api-documentation	namespace	api-documentation/namespace/structs-events.md
api-documentation	namespace	api-documentation/namespace/structs.md
api-documentation	namespace	api-documentation/namespace/textures-events.md
api-documentation	namespace	api-documentation/namespace/textures-filtermode.md
api-documentation	namespace	api-documentation/namespace/textures-parsers.md
api-documentation	namespace	api-documentation/namespace/textures.md
api-documentation	namespace	api-documentation/namespace/tilemaps-components.md
api-documentation	namespace	api-documentation/namespace/tilemaps-formats.md
api-documentation	namespace	api-documentation/namespace/tilemaps-orientation.md
api-documentation	namespace	api-documentation/namespace/tilemaps-parsers-impact.md
api-documentation	namespace	api-documentation/namespace/tilemaps-parsers-tiled.md
api-documentation	namespace	api-documentation/namespace/tilemaps-parsers.md
api-documentation	namespace	api-documentation/namespace/tilemaps.md
api-documentation	namespace	api-documentation/namespace/time-events.md
api-documentation	namespace	api-documentation/namespace/time.md
api-documentation	namespace	api-documentation/namespace/tweens-builders.md
api-documentation	namespace	api-documentation/namespace/tweens-events.md
api-documentation	namespace	api-documentation/namespace/tweens-states.md
api-documentation	namespace	api-documentation/namespace/tweens.md
api-documentation	namespace	api-documentation/namespace/types-actions.md
api-documentation	namespace	api-documentation/namespace/types-animations.md
api-documentation	namespace	api-documentation/namespace/types-cameras-controls.md
api-documentation	namespace	api-documentation/namespace/types-cameras-scene2d.md
api-documentation	namespace	api-documentation/namespace/types-cameras.md
api-documentation	namespace	api-documentation/namespace/types-core.md
api-documentation	namespace	api-documentation/namespace/types-create.md
api-documentation	namespace	api-documentation/namespace/types-curves.md
api-documentation	namespace	api-documentation/namespace/types-display.md
api-documentation	namespace	api-documentation/namespace/types-gameobjects-bitmaptext.md
api-documentation	namespace	api-documentation/namespace/types-gameobjects-container.md
api-documentation	namespace	api-documentation/namespace/types-gameobjects-graphics.md
api-documentation	namespace	api-documentation/namespace/types-gameobjects-group.md
api-documentation	namespace	api-documentation/namespace/types-gameobjects-mesh.md
api-documentation	namespace	api-documentation/namespace/types-gameobjects-nineslice.md
api-documentation	namespace	api-documentation/namespace/types-gameobjects-particles.md
api-documentation	namespace	api-documentation/namespace/types-gameobjects-pathfollower.md
api-documentation	namespace	api-documentation/namespace/types-gameobjects-plane.md
api-documentation	namespace	api-documentation/namespace/types-gameobjects-rendertexture.md
api-documentation	namespace	api-documentation/namespace/types-gameobjects-rope.md
api-documentation	namespace	api-documentation/namespace/types-gameobjects-shader.md
api-documentation	namespace	api-documentation/namespace/types-gameobjects-sprite.md
api-documentation	namespace	api-documentation/namespace/types-gameobjects-text.md
api-documentation	namespace	api-documentation/namespace/types-gameobjects-tilesprite.md
api-documentation	namespace	api-documentation/namespace/types-gameobjects-video.md
api-documentation	namespace	api-documentation/namespace/types-gameobjects-zone.md
api-documentation	namespace	api-documentation/namespace/types-gameobjects.md
api-documentation	namespace	api-documentation/namespace/types-geom-mesh.md
api-documentation	namespace	api-documentation/namespace/types-geom.md
api-documentation	namespace	api-documentation/namespace/types-input-gamepad.md
api-documentation	namespace	api-documentation/namespace/types-input-keyboard.md
api-documentation	namespace	api-documentation/namespace/types-input.md
api-documentation	namespace	api-documentation/namespace/types-loader-filetypes.md
api-documentation	namespace	api-documentation/namespace/types-loader.md
api-documentation	namespace	api-documentation/namespace/types-math.md
api-documentation	namespace	api-documentation/namespace/types-physics-arcade.md
api-documentation	namespace	api-documentation/namespace/types-physics-matter.md
api-documentation	namespace	api-documentation/namespace/types-physics.md
api-documentation	namespace	api-documentation/namespace/types-plugins.md
api-documentation	namespace	api-documentation/namespace/types-renderer-snapshot.md
api-documentation	namespace	api-documentation/namespace/types-renderer-webgl.md
api-documentation	namespace	api-documentation/namespace/types-renderer.md
api-documentation	namespace	api-documentation/namespace/types-scenes.md
api-documentation	namespace	api-documentation/namespace/types-sound.md
api-documentation	namespace	api-documentation/namespace/types-textures.md
api-documentation	namespace	api-documentation/namespace/types-tilemaps.md
api-documentation	namespace	api-documentation/namespace/types-time.md
api-documentation	namespace	api-documentation/namespace/types-tweens.md
api-documentation	namespace	api-documentation/namespace/types.md
api-documentation	namespace	api-documentation/namespace/utils-array-matrix.md
api-documentation	namespace	api-documentation/namespace/utils-array.md
api-documentation	namespace	api-documentation/namespace/utils-base64.md
api-documentation	namespace	api-documentation/namespace/utils-objects.md
api-documentation	namespace	api-documentation/namespace/utils-string.md
api-documentation	namespace	api-documentation/namespace/utils.md
api-documentation	physics	api-documentation/physics/index.md
api-documentation	typedef	api-documentation/typedef/device.md
api-documentation	typedef	api-documentation/typedef/index.md
api-documentation	typedef	api-documentation/typedef/phaser.md
api-documentation	typedef	api-documentation/typedef/physics-matter-events.md
api-documentation	typedef	api-documentation/typedef/scale.md
api-documentation	typedef	api-documentation/typedef/tilemaps.md
api-documentation	typedef	api-documentation/typedef/tweens.md
api-documentation	typedef	api-documentation/typedef/types-actions.md
api-documentation	typedef	api-documentation/typedef/types-animations.md
api-documentation	typedef	api-documentation/typedef/types-cameras-controls.md
api-documentation	typedef	api-documentation/typedef/types-cameras-scene2d.md
api-documentation	typedef	api-documentation/typedef/types-core.md
api-documentation	typedef	api-documentation/typedef/types-create.md
api-documentation	typedef	api-documentation/typedef/types-curves.md
api-documentation	typedef	api-documentation/typedef/types-display.md
api-documentation	typedef	api-documentation/typedef/types-gameobjects-bitmaptext.md
api-documentation	typedef	api-documentation/typedef/types-gameobjects-container.md
api-documentation	typedef	api-documentation/typedef/types-gameobjects-graphics.md
api-documentation	typedef	api-documentation/typedef/types-gameobjects-group.md
api-documentation	typedef	api-documentation/typedef/types-gameobjects-mesh.md
api-documentation	typedef	api-documentation/typedef/types-gameobjects-nineslice.md
api-documentation	typedef	api-documentation/typedef/types-gameobjects-particles.md
api-documentation	typedef	api-documentation/typedef/types-gameobjects-pathfollower.md
api-documentation	typedef	api-documentation/typedef/types-gameobjects-plane.md
api-documentation	typedef	api-documentation/typedef/types-gameobjects-rendertexture.md
api-documentation	typedef	api-documentation/typedef/types-gameobjects-rope.md
api-documentation	typedef	api-documentation/typedef/types-gameobjects-shader.md
api-documentation	typedef	api-documentation/typedef/types-gameobjects-sprite.md
api-documentation	typedef	api-documentation/typedef/types-gameobjects-text.md
api-documentation	typedef	api-documentation/typedef/types-gameobjects-tilesprite.md
api-documentation	typedef	api-documentation/typedef/types-gameobjects-video.md
api-documentation	typedef	api-documentation/typedef/types-gameobjects-zone.md
api-documentation	typedef	api-documentation/typedef/types-gameobjects.md
api-documentation	typedef	api-documentation/typedef/types-geom-mesh.md
api-documentation	typedef	api-documentation/typedef/types-input-gamepad.md
api-documentation	typedef	api-documentation/typedef/types-input-keyboard.md
api-documentation	typedef	api-documentation/typedef/types-input.md
api-documentation	typedef	api-documentation/typedef/types-loader-filetypes.md
api-documentation	typedef	api-documentation/typedef/types-loader.md
api-documentation	typedef	api-documentation/typedef/types-math.md
api-documentation	typedef	api-documentation/typedef/types-physics-arcade.md
api-documentation	typedef	api-documentation/typedef/types-physics-matter.md
api-documentation	typedef	api-documentation/typedef/types-plugins.md
api-documentation	typedef	api-documentation/typedef/types-renderer-snapshot.md
api-documentation	typedef	api-documentation/typedef/types-renderer-webgl.md
api-documentation	typedef	api-documentation/typedef/types-scenes.md
api-documentation	typedef	api-documentation/typedef/types-sound.md
api-documentation	typedef	api-documentation/typedef/types-textures.md
api-documentation	typedef	api-documentation/typedef/types-tilemaps.md
api-documentation	typedef	api-documentation/typedef/types-time.md
api-documentation	typedef	api-documentation/typedef/types-tweens.md
phaser	concepts	phaser/concepts/actions.md
phaser	concepts	phaser/concepts/animations.md
phaser	concepts	phaser/concepts/audio.md
phaser	concepts	phaser/concepts/cameras.md
phaser	concepts	phaser/concepts/data-manager.md
phaser	concepts	phaser/concepts/device.md
phaser	concepts	phaser/concepts/display/blend-mode.md
phaser	concepts	phaser/concepts/display/color.md
phaser	concepts	phaser/concepts/display/masks.md
phaser	concepts	phaser/concepts/display.md
phaser	concepts	phaser/concepts/events.md
phaser	concepts	phaser/concepts/fx.md
phaser	concepts	phaser/concepts/game.md
phaser	concepts	phaser/concepts/gameobjects/bitmap-text.md
phaser	concepts	phaser/concepts/gameobjects/blitter.md
phaser	concepts	phaser/concepts/gameobjects/components.md
phaser	concepts	phaser/concepts/gameobjects/container.md
phaser	concepts	phaser/concepts/gameobjects/display-list.md
phaser	concepts	phaser/concepts/gameobjects/dom-element.md
phaser	concepts	phaser/concepts/gameobjects/factories.md
phaser	concepts	phaser/concepts/gameobjects/graphics.md
phaser	concepts	phaser/concepts/gameobjects/group.md
phaser	concepts	phaser/concepts/gameobjects/image.md
phaser	concepts	phaser/concepts/gameobjects/layer.md
phaser	concepts	phaser/concepts/gameobjects/light.md
phaser	concepts	phaser/concepts/gameobjects/mesh.md
phaser	concepts	phaser/concepts/gameobjects/nine-slice.md
phaser	concepts	phaser/concepts/gameobjects/particles.md
phaser	concepts	phaser/concepts/gameobjects/plane.md
phaser	concepts	phaser/concepts/gameobjects/render-texture.md
phaser	concepts	phaser/concepts/gameobjects/rope.md
phaser	concepts	phaser/concepts/gameobjects/shader.md
phaser	concepts	phaser/concepts/gameobjects/sprite.md
phaser	concepts	phaser/concepts/gameobjects/text.md
phaser	concepts	phaser/concepts/gameobjects/tile-sprite.md
phaser	concepts	phaser/concepts/gameobjects/video.md
phaser	concepts	phaser/concepts/gameobjects.md
phaser	concepts	phaser/concepts/geometry.md
phaser	concepts	phaser/concepts/input.md
phaser	concepts	phaser/concepts/loader/cache.md
phaser	concepts	phaser/concepts/loader.md
phaser	concepts	phaser/concepts/math.md
phaser	concepts	phaser/concepts/physics/arcade.md
phaser	concepts	phaser/concepts/physics/matter.md
phaser	concepts	phaser/concepts/physics.md
phaser	concepts	phaser/concepts/scale-manager.md
phaser	concepts	phaser/concepts/scenes/cross-scene-communication.md
phaser	concepts	phaser/concepts/scenes.md
phaser	concepts	phaser/concepts/textures.md
phaser	concepts	phaser/concepts/time.md
phaser	concepts	phaser/concepts/tweens.md
phaser	concepts	phaser/concepts/utils.md
phaser	getting-started	phaser/getting-started/installation.md
phaser	getting-started	phaser/getting-started/making-your-first-phaser-game.md
phaser	getting-started	phaser/getting-started/project-templates.md
phaser	getting-started	phaser/getting-started/set-up-dev-environment.md
phaser	getting-started	phaser/getting-started/what-is-phaser.md
